-- phpMyAdmin SQL Dump
-- version 4.8.5
-- https://www.phpmyadmin.net/
--
-- Servidor: 127.0.0.1
-- Tiempo de generación: 20-05-2019 a las 10:45:32
-- Versión del servidor: 10.1.39-MariaDB
-- Versión de PHP: 7.1.29

SET SQL_MODE = "NO_AUTO_VALUE_ON_ZERO";
SET AUTOCOMMIT = 0;
START TRANSACTION;
SET time_zone = "+00:00";


/*!40101 SET @OLD_CHARACTER_SET_CLIENT=@@CHARACTER_SET_CLIENT */;
/*!40101 SET @OLD_CHARACTER_SET_RESULTS=@@CHARACTER_SET_RESULTS */;
/*!40101 SET @OLD_COLLATION_CONNECTION=@@COLLATION_CONNECTION */;
/*!40101 SET NAMES utf8mb4 */;

--
-- Base de datos: `processes`
--

-- --------------------------------------------------------

--
-- Estructura de tabla para la tabla `departments`
--

CREATE TABLE `departments` (
  `id` int(10) UNSIGNED NOT NULL,
  `dpt_name` varchar(255) COLLATE utf8mb4_unicode_ci NOT NULL,
  `created_at` timestamp NULL DEFAULT NULL,
  `updated_at` timestamp NULL DEFAULT NULL
) ENGINE=InnoDB DEFAULT CHARSET=utf8mb4 COLLATE=utf8mb4_unicode_ci;

--
-- Volcado de datos para la tabla `departments`
--

INSERT INTO `departments` (`id`, `dpt_name`, `created_at`, `updated_at`) VALUES
(1, 'AMAZONAS', NULL, NULL),
(2, 'ANTIOQUIA', NULL, NULL),
(3, 'ARAUCA', NULL, NULL),
(4, 'ATLANTICO', NULL, NULL),
(5, 'BOLIVAR', NULL, NULL),
(6, 'BOYACA', NULL, NULL),
(7, 'CALDAS', NULL, NULL),
(8, 'CAQUETA', NULL, NULL),
(9, 'CASANARE', NULL, NULL),
(10, 'CAUCA', NULL, NULL),
(11, 'CESAR', NULL, NULL),
(12, 'CHOCO', NULL, NULL),
(13, 'CORDOBA', NULL, NULL),
(14, 'CUNDINAMARCA', NULL, NULL),
(15, 'GUAINIA', NULL, NULL),
(16, 'GUAJIRA', NULL, NULL),
(17, 'GUAVIARE', NULL, NULL),
(18, 'HUILA', NULL, NULL),
(19, 'MAGDALENA', NULL, NULL),
(20, 'META', NULL, NULL),
(21, 'N SANTANDER', NULL, NULL),
(22, 'NARINO', NULL, NULL),
(23, 'PUTUMAYO', NULL, NULL),
(24, 'QUINDIO', NULL, NULL),
(25, 'RISARALDA', NULL, NULL),
(26, 'SAN ANDRES', NULL, NULL),
(27, 'SANTANDER', NULL, NULL),
(28, 'SUCRE', NULL, NULL),
(29, 'TOLIMA', NULL, NULL),
(30, 'VALLE DEL CAUCA', NULL, NULL),
(31, 'VAUPES', NULL, NULL),
(32, 'VICHADA', NULL, NULL);

-- --------------------------------------------------------

--
-- Estructura de tabla para la tabla `migrations`
--

CREATE TABLE `migrations` (
  `id` int(10) UNSIGNED NOT NULL,
  `migration` varchar(255) COLLATE utf8mb4_unicode_ci NOT NULL,
  `batch` int(11) NOT NULL
) ENGINE=InnoDB DEFAULT CHARSET=utf8mb4 COLLATE=utf8mb4_unicode_ci;

--
-- Volcado de datos para la tabla `migrations`
--

INSERT INTO `migrations` (`id`, `migration`, `batch`) VALUES
(1, '2014_10_12_000000_create_users_table', 1),
(2, '2014_10_12_100000_create_password_resets_table', 1),
(3, '2018_04_21_035516_create_roles_table', 1),
(4, '2018_04_21_035603_create_role_user_table', 1),
(5, '2019_05_15_212455_create_role_departments_table', 1),
(6, '2019_05_15_212519_create_role_municipalities_table', 1),
(7, '2019_05_15_212537_create_role_processes_table', 1),
(8, '2019_05_15_212554_create_role_process_step_approver_table', 1);

-- --------------------------------------------------------

--
-- Estructura de tabla para la tabla `municipalities`
--

CREATE TABLE `municipalities` (
  `id` int(10) UNSIGNED NOT NULL,
  `mcp_name` varchar(255) COLLATE utf8mb4_unicode_ci NOT NULL,
  `dpt_id` int(10) UNSIGNED NOT NULL,
  `created_at` timestamp NULL DEFAULT NULL,
  `updated_at` timestamp NULL DEFAULT NULL
) ENGINE=InnoDB DEFAULT CHARSET=utf8mb4 COLLATE=utf8mb4_unicode_ci;

--
-- Volcado de datos para la tabla `municipalities`
--

INSERT INTO `municipalities` (`id`, `mcp_name`, `dpt_id`, `created_at`, `updated_at`) VALUES
(1, 'LETICIA', 1, NULL, NULL),
(2, 'EL ENCANTO', 1, NULL, NULL),
(3, 'LA CHORRERA', 1, NULL, NULL),
(4, 'LA PEDRERA', 1, NULL, NULL),
(5, 'LA VICTORIA', 1, NULL, NULL),
(6, 'MIRITI-PARANA', 1, NULL, NULL),
(7, 'PUERTO ALEGRIA', 1, NULL, NULL),
(8, 'PUERTO ARICA', 1, NULL, NULL),
(9, 'PUERTO NARINO', 1, NULL, NULL),
(10, 'SANTANDER', 1, NULL, NULL),
(11, 'TARAPACA', 1, NULL, NULL),
(12, 'ABEJORRAL', 2, NULL, NULL),
(13, 'ABRIAQUI', 2, NULL, NULL),
(14, 'ALEJANDRIA', 2, NULL, NULL),
(15, 'AMAGA', 2, NULL, NULL),
(16, 'AMALFI', 2, NULL, NULL),
(17, 'ANDES', 2, NULL, NULL),
(18, 'ANGELOPOLIS', 2, NULL, NULL),
(19, 'ANGOSTURA', 2, NULL, NULL),
(20, 'ANORI', 2, NULL, NULL),
(21, 'ANZA', 2, NULL, NULL),
(22, 'APARTADO', 2, NULL, NULL),
(23, 'ARBOLETES', 2, NULL, NULL),
(24, 'ARGELIA', 2, NULL, NULL),
(25, 'ARMENIA', 2, NULL, NULL),
(26, 'BARBOSA', 2, NULL, NULL),
(27, 'BELLO', 2, NULL, NULL),
(28, 'BELMIRA', 2, NULL, NULL),
(29, 'BETANIA', 2, NULL, NULL),
(30, 'BETULIA', 2, NULL, NULL),
(31, 'BRICENO', 2, NULL, NULL),
(32, 'BURITICA', 2, NULL, NULL),
(33, 'CACERES', 2, NULL, NULL),
(34, 'CAICEDO', 2, NULL, NULL),
(35, 'CALDAS', 2, NULL, NULL),
(36, 'CAMPAMENTO', 2, NULL, NULL),
(37, 'CANASGORDAS', 2, NULL, NULL),
(38, 'CARACOLI', 2, NULL, NULL),
(39, 'CARAMANTA', 2, NULL, NULL),
(40, 'CAREPA', 2, NULL, NULL),
(41, 'CARMEN DE VIBORAL', 2, NULL, NULL),
(42, 'CAROLINA', 2, NULL, NULL),
(43, 'CAUCASIA', 2, NULL, NULL),
(44, 'CHIGORODO', 2, NULL, NULL),
(45, 'CISNEROS', 2, NULL, NULL),
(46, 'CIUDAD BOLIVAR', 2, NULL, NULL),
(47, 'COCORNA', 2, NULL, NULL),
(48, 'CONCEPCION', 2, NULL, NULL),
(49, 'CONCORDIA', 2, NULL, NULL),
(50, 'COPACABANA', 2, NULL, NULL),
(51, 'DABEIBA', 2, NULL, NULL),
(52, 'DON MATIAS', 2, NULL, NULL),
(53, 'EBEJICO', 2, NULL, NULL),
(54, 'EL BAGRE', 2, NULL, NULL),
(55, 'ENTRERRIOS', 2, NULL, NULL),
(56, 'ENVIGADO', 2, NULL, NULL),
(57, 'FREDONIA', 2, NULL, NULL),
(58, 'FRONTINO', 2, NULL, NULL),
(59, 'GIRALDO', 2, NULL, NULL),
(60, 'GIRARDOTA', 2, NULL, NULL),
(61, 'GOMEZ PLATA', 2, NULL, NULL),
(62, 'GRANADA', 2, NULL, NULL),
(63, 'GUADALUPE', 2, NULL, NULL),
(64, 'GUARNE', 2, NULL, NULL),
(65, 'GUATAPE', 2, NULL, NULL),
(66, 'HELICONIA', 2, NULL, NULL),
(67, 'HISPANIA', 2, NULL, NULL),
(68, 'ITAG&Uuml;I', 2, NULL, NULL),
(69, 'ITUANGO', 2, NULL, NULL),
(70, 'JARDIN', 2, NULL, NULL),
(71, 'JERICO', 2, NULL, NULL),
(72, 'LA CEJA', 2, NULL, NULL),
(73, 'LA ESTRELLA', 2, NULL, NULL),
(74, 'LA PINTADA', 2, NULL, NULL),
(75, 'LA UNION', 2, NULL, NULL),
(76, 'LIBORINA', 2, NULL, NULL),
(77, 'MACEO', 2, NULL, NULL),
(78, 'MARINILLA', 2, NULL, NULL),
(79, 'MEDELLIN', 2, NULL, NULL),
(80, 'MONTEBELLO', 2, NULL, NULL),
(81, 'MURINDO', 2, NULL, NULL),
(82, 'MUTATA', 2, NULL, NULL),
(83, 'NARINO', 2, NULL, NULL),
(84, 'NECHI', 2, NULL, NULL),
(85, 'NECOCLI', 2, NULL, NULL),
(86, 'OLAYA', 2, NULL, NULL),
(87, 'PENOL', 2, NULL, NULL),
(88, 'PEQUE', 2, NULL, NULL),
(89, 'PUEBLORRICO', 2, NULL, NULL),
(90, 'PUERTO BERRIO', 2, NULL, NULL),
(91, 'PUERTO NARE', 2, NULL, NULL),
(92, 'PUERTO TRIUNFO', 2, NULL, NULL),
(93, 'REMEDIOS', 2, NULL, NULL),
(94, 'RETIRO', 2, NULL, NULL),
(95, 'RIONEGRO', 2, NULL, NULL),
(96, 'SABANALARGA', 2, NULL, NULL),
(97, 'SABANETA', 2, NULL, NULL),
(98, 'SALGAR', 2, NULL, NULL),
(99, 'SAN ANDRES', 2, NULL, NULL),
(100, 'SAN CARLOS', 2, NULL, NULL),
(101, 'SAN FRANCISCO', 2, NULL, NULL),
(102, 'SAN JERONIMO', 2, NULL, NULL),
(103, 'SAN JOSE DE LA MONTANA', 2, NULL, NULL),
(104, 'SAN JUAN DE URABA', 2, NULL, NULL),
(105, 'SAN LUIS', 2, NULL, NULL),
(106, 'SAN PEDRO', 2, NULL, NULL),
(107, 'SAN PEDRO DE URABA', 2, NULL, NULL),
(108, 'SAN RAFAEL', 2, NULL, NULL),
(109, 'SAN ROQUE', 2, NULL, NULL),
(110, 'SAN VICENTE', 2, NULL, NULL),
(111, 'SANTA BARBARA', 2, NULL, NULL),
(112, 'SANTA FE DE ANTIOQUIA', 2, NULL, NULL),
(113, 'SANTA ROSA DE OSOS', 2, NULL, NULL),
(114, 'SANTO DOMINGO', 2, NULL, NULL),
(115, 'SANTUARIO', 2, NULL, NULL),
(116, 'SEGOVIA', 2, NULL, NULL),
(117, 'SONSON', 2, NULL, NULL),
(118, 'SOPETRAN', 2, NULL, NULL),
(119, 'TAMESIS', 2, NULL, NULL),
(120, 'TARAZA', 2, NULL, NULL),
(121, 'TARSO', 2, NULL, NULL),
(122, 'TITIRIBI', 2, NULL, NULL),
(123, 'TOLEDO', 2, NULL, NULL),
(124, 'TURBO', 2, NULL, NULL),
(125, 'URAMITA', 2, NULL, NULL),
(126, 'URRAO', 2, NULL, NULL),
(127, 'VALDIVIA', 2, NULL, NULL),
(128, 'VALPARAISO', 2, NULL, NULL),
(129, 'VEGACHI', 2, NULL, NULL),
(130, 'VENECIA', 2, NULL, NULL),
(131, 'VIGIA DEL FUERTE', 2, NULL, NULL),
(132, 'YALI', 2, NULL, NULL),
(133, 'YARUMAL', 2, NULL, NULL),
(134, 'YOLOMBO', 2, NULL, NULL),
(135, 'YONDO', 2, NULL, NULL),
(136, 'ZARAGOZA', 2, NULL, NULL),
(137, 'ARAUCA', 3, NULL, NULL),
(138, 'ARAUQUITA', 3, NULL, NULL),
(139, 'CRAVO NORTE', 3, NULL, NULL),
(140, 'FORTUL', 3, NULL, NULL),
(141, 'PUERTO RONDON', 3, NULL, NULL),
(142, 'SARAVENA', 3, NULL, NULL),
(143, 'TAME', 3, NULL, NULL),
(144, 'BARANOA', 4, NULL, NULL),
(145, 'BARRANQUILLA', 4, NULL, NULL),
(146, 'CAMPO DE LA CRUZ', 4, NULL, NULL),
(147, 'CANDELARIA', 4, NULL, NULL),
(148, 'GALAPA', 4, NULL, NULL),
(149, 'JUAN DE ACOSTA', 4, NULL, NULL),
(150, 'LURUACO', 4, NULL, NULL),
(151, 'MALAMBO', 4, NULL, NULL),
(152, 'MANATI', 4, NULL, NULL),
(153, 'PALMAR DE VARELA', 4, NULL, NULL),
(154, 'PIOJO', 4, NULL, NULL),
(155, 'POLONUEVO', 4, NULL, NULL),
(156, 'PONEDERA', 4, NULL, NULL),
(157, 'PUERTO COLOMBIA', 4, NULL, NULL),
(158, 'REPELON', 4, NULL, NULL),
(159, 'SABANAGRANDE', 4, NULL, NULL),
(160, 'SABANALARGA', 4, NULL, NULL),
(161, 'SANTA LUCIA', 4, NULL, NULL),
(162, 'SANTO TOMAS', 4, NULL, NULL),
(163, 'SOLEDAD', 4, NULL, NULL),
(164, 'SUAN', 4, NULL, NULL),
(165, 'TUBARA', 4, NULL, NULL),
(166, 'USIACURI', 4, NULL, NULL),
(167, 'ACHI', 5, NULL, NULL),
(168, 'ALTOS DEL ROSARIO', 5, NULL, NULL),
(169, 'ARENAL', 5, NULL, NULL),
(170, 'ARJONA', 5, NULL, NULL),
(171, 'ARROYOHONDO', 5, NULL, NULL),
(172, 'BARRANCO DE LOBA', 5, NULL, NULL),
(173, 'CALAMAR', 5, NULL, NULL),
(174, 'CANTAGALLO', 5, NULL, NULL),
(175, 'CARTAGENA DE INDIAS', 5, NULL, NULL),
(176, 'CICUCO', 5, NULL, NULL),
(177, 'CLEMENCIA', 5, NULL, NULL),
(178, 'CORDOBA', 5, NULL, NULL),
(179, 'EL CARMEN DE BOLIVAR', 5, NULL, NULL),
(180, 'EL GUAMO', 5, NULL, NULL),
(181, 'EL PENON', 5, NULL, NULL),
(182, 'HATILLO DE LOBA', 5, NULL, NULL),
(183, 'MAGANGUE', 5, NULL, NULL),
(184, 'MAHATES', 5, NULL, NULL),
(185, 'MARGARITA', 5, NULL, NULL),
(186, 'MARIA LA BAJA', 5, NULL, NULL),
(187, 'MOMPOS', 5, NULL, NULL),
(188, 'MONTECRISTO', 5, NULL, NULL),
(189, 'MORALES', 5, NULL, NULL),
(190, 'PINILLOS', 5, NULL, NULL),
(191, 'REGIDOR', 5, NULL, NULL),
(192, 'RIOVIEJO', 5, NULL, NULL),
(193, 'SAN CRISTOBAL', 5, NULL, NULL),
(194, 'SAN ESTANISLAO', 5, NULL, NULL),
(195, 'SAN FERNANDO', 5, NULL, NULL),
(196, 'SAN JACINTO', 5, NULL, NULL),
(197, 'SAN JACINTO DEL CAUCA', 5, NULL, NULL),
(198, 'SAN JUAN NEPOMUCENO', 5, NULL, NULL),
(199, 'SAN MARTIN DE LOBA', 5, NULL, NULL),
(200, 'SAN PABLO', 5, NULL, NULL),
(201, 'SANTA CATALINA', 5, NULL, NULL),
(202, 'SANTA ROSA', 5, NULL, NULL),
(203, 'SANTA ROSA DEL SUR', 5, NULL, NULL),
(204, 'SIMITI', 5, NULL, NULL),
(205, 'SOPLAVIENTO', 5, NULL, NULL),
(206, 'TALAIGUA NUEVO', 5, NULL, NULL),
(207, 'TIQUISIO', 5, NULL, NULL),
(208, 'TURBACO', 5, NULL, NULL),
(209, 'TURBANA', 5, NULL, NULL),
(210, 'VILLANUEVA', 5, NULL, NULL),
(211, 'ZAMBRANO', 5, NULL, NULL),
(212, 'ALMEIDA', 6, NULL, NULL),
(213, 'AQUITANIA', 6, NULL, NULL),
(214, 'ARCABUCO', 6, NULL, NULL),
(215, 'BELEN', 6, NULL, NULL),
(216, 'BERBEO', 6, NULL, NULL),
(217, 'BETEITIVA', 6, NULL, NULL),
(218, 'BOAVITA', 6, NULL, NULL),
(219, 'BOYACA', 6, NULL, NULL),
(220, 'BRICENO', 6, NULL, NULL),
(221, 'BUENAVISTA', 6, NULL, NULL),
(222, 'BUSBANZA', 6, NULL, NULL),
(223, 'CALDAS', 6, NULL, NULL),
(224, 'CAMPOHERMOSO', 6, NULL, NULL),
(225, 'CERINZA', 6, NULL, NULL),
(226, 'CHINAVITA', 6, NULL, NULL),
(227, 'CHIQUINQUIRA', 6, NULL, NULL),
(228, 'CHIQUIZA', 6, NULL, NULL),
(229, 'CHISCAS', 6, NULL, NULL),
(230, 'CHITA', 6, NULL, NULL),
(231, 'CHITARAQUE', 6, NULL, NULL),
(232, 'CHIVATA', 6, NULL, NULL),
(233, 'CHIVOR', 6, NULL, NULL),
(234, 'CIENEGA', 6, NULL, NULL),
(235, 'COMBITA', 6, NULL, NULL),
(236, 'COPER', 6, NULL, NULL),
(237, 'CORRALES', 6, NULL, NULL),
(238, 'COVARACHIA', 6, NULL, NULL),
(239, 'CUBARA', 6, NULL, NULL),
(240, 'CUCAITA', 6, NULL, NULL),
(241, 'CUITIVA', 6, NULL, NULL),
(242, 'DUITAMA', 6, NULL, NULL),
(243, 'EL COCUY', 6, NULL, NULL),
(244, 'EL ESPINO', 6, NULL, NULL),
(245, 'FIRAVITOBA', 6, NULL, NULL),
(246, 'FLORESTA', 6, NULL, NULL),
(247, 'GACHANTIVA', 6, NULL, NULL),
(248, 'GAMEZA', 6, NULL, NULL),
(249, 'GARAGOA', 6, NULL, NULL),
(250, 'GUACAMAYAS', 6, NULL, NULL),
(251, 'GUATEQUE', 6, NULL, NULL),
(252, 'GUAYATA', 6, NULL, NULL),
(253, 'GUICAN', 6, NULL, NULL),
(254, 'IZA', 6, NULL, NULL),
(255, 'JENESANO', 6, NULL, NULL),
(256, 'JERICO', 6, NULL, NULL),
(257, 'LA CAPILLA', 6, NULL, NULL),
(258, 'LA UVITA', 6, NULL, NULL),
(259, 'LA VICTORIA', 6, NULL, NULL),
(260, 'LABRANZAGRANDE', 6, NULL, NULL),
(261, 'MACANAL', 6, NULL, NULL),
(262, 'MARIPI', 6, NULL, NULL),
(263, 'MIRAFLORES', 6, NULL, NULL),
(264, 'MONGUA', 6, NULL, NULL),
(265, 'MONGUI', 6, NULL, NULL),
(266, 'MONIQUIRA', 6, NULL, NULL),
(267, 'MOTAVITA', 6, NULL, NULL),
(268, 'MUZO', 6, NULL, NULL),
(269, 'NOBSA', 6, NULL, NULL),
(270, 'NUEVO COLON', 6, NULL, NULL),
(271, 'OICATA', 6, NULL, NULL),
(272, 'OTANCHE', 6, NULL, NULL),
(273, 'PACHAVITA', 6, NULL, NULL),
(274, 'PAEZ', 6, NULL, NULL),
(275, 'PAIPA', 6, NULL, NULL),
(276, 'PAJARITO', 6, NULL, NULL),
(277, 'PANQUEBA', 6, NULL, NULL),
(278, 'PAUNA', 6, NULL, NULL),
(279, 'PAYA', 6, NULL, NULL),
(280, 'PAZ DE RIO', 6, NULL, NULL),
(281, 'PESCA', 6, NULL, NULL),
(282, 'PISVA', 6, NULL, NULL),
(283, 'PUERTO BOYACA', 6, NULL, NULL),
(284, 'QUIPAMA', 6, NULL, NULL),
(285, 'RAMIRIQUI', 6, NULL, NULL),
(286, 'RAQUIRA', 6, NULL, NULL),
(287, 'RONDON', 6, NULL, NULL),
(288, 'SABOYA', 6, NULL, NULL),
(289, 'SACHICA', 6, NULL, NULL),
(290, 'SAMACA', 6, NULL, NULL),
(291, 'SAN EDUARDO', 6, NULL, NULL),
(292, 'SAN JOSEDE PARE', 6, NULL, NULL),
(293, 'SAN LUIS DE GACENO', 6, NULL, NULL),
(294, 'SAN MATEO', 6, NULL, NULL),
(295, 'SAN MIGUEL DE SEMA', 6, NULL, NULL),
(296, 'SAN PABLO DE BORBUR', 6, NULL, NULL),
(297, 'SANTA MARIA', 6, NULL, NULL),
(298, 'SANTA ROSA DE VITERBO', 6, NULL, NULL),
(299, 'SANTA SOFIA', 6, NULL, NULL),
(300, 'SANTANA', 6, NULL, NULL),
(301, 'SATIVANORTE', 6, NULL, NULL),
(302, 'SATIVASUR', 6, NULL, NULL),
(303, 'SIACHOQUE', 6, NULL, NULL),
(304, 'SOATA', 6, NULL, NULL),
(305, 'SOCHA', 6, NULL, NULL),
(306, 'SOCOTA', 6, NULL, NULL),
(307, 'SOGAMOSO', 6, NULL, NULL),
(308, 'SOMONDOCO', 6, NULL, NULL),
(309, 'SORA', 6, NULL, NULL),
(310, 'SORACA', 6, NULL, NULL),
(311, 'SOTAQUIRA', 6, NULL, NULL),
(312, 'SUSACON', 6, NULL, NULL),
(313, 'SUTAMARCHAN', 6, NULL, NULL),
(314, 'SUTATENZA', 6, NULL, NULL),
(315, 'TASCO', 6, NULL, NULL),
(316, 'TENZA', 6, NULL, NULL),
(317, 'TIBANA', 6, NULL, NULL),
(318, 'TIBASOSA', 6, NULL, NULL),
(319, 'TINJACA', 6, NULL, NULL),
(320, 'TIPACOQUE', 6, NULL, NULL),
(321, 'TOCA', 6, NULL, NULL),
(322, 'TOG&Uuml;I', 6, NULL, NULL),
(323, 'TOPAGA', 6, NULL, NULL),
(324, 'TOTA', 6, NULL, NULL),
(325, 'TUNJA', 6, NULL, NULL),
(326, 'TUNUNGUA', 6, NULL, NULL),
(327, 'TURMEQUE', 6, NULL, NULL),
(328, 'TUTA', 6, NULL, NULL),
(329, 'TUTAZA', 6, NULL, NULL),
(330, 'UMBITA', 6, NULL, NULL),
(331, 'VENTAQUEMADA', 6, NULL, NULL),
(332, 'VILLA DE LEIVA', 6, NULL, NULL),
(333, 'VIRACACHA', 6, NULL, NULL),
(334, 'ZETAQUIRA', 6, NULL, NULL),
(335, 'AGUADAS', 7, NULL, NULL),
(336, 'ANSERMA', 7, NULL, NULL),
(337, 'ARANZAZU', 7, NULL, NULL),
(338, 'BELALCAZAR', 7, NULL, NULL),
(339, 'CHINCHINA', 7, NULL, NULL),
(340, 'FILADELFIA', 7, NULL, NULL),
(341, 'LA DORADA', 7, NULL, NULL),
(342, 'LA MERCED', 7, NULL, NULL),
(343, 'MANIZALES', 7, NULL, NULL),
(344, 'MANZANARES', 7, NULL, NULL),
(345, 'MARMATO', 7, NULL, NULL),
(346, 'MARQUETALIA', 7, NULL, NULL),
(347, 'MARULANDA', 7, NULL, NULL),
(348, 'NEIRA', 7, NULL, NULL),
(349, 'NORCASIA', 7, NULL, NULL),
(350, 'PACORA', 7, NULL, NULL),
(351, 'PALESTINA', 7, NULL, NULL),
(352, 'PENSILVANIA', 7, NULL, NULL),
(353, 'RIOSUCIO', 7, NULL, NULL),
(354, 'RISARALDA', 7, NULL, NULL),
(355, 'SALAMINA', 7, NULL, NULL),
(356, 'SAMANA', 7, NULL, NULL),
(357, 'SAN JOSE', 7, NULL, NULL),
(358, 'SUPIA', 7, NULL, NULL),
(359, 'VICTORIA', 7, NULL, NULL),
(360, 'VILLAMARIA', 7, NULL, NULL),
(361, 'VITERBO', 7, NULL, NULL),
(362, 'ALBANIA', 8, NULL, NULL),
(363, 'BELEN DE LOS ANDAQUIES', 8, NULL, NULL),
(364, 'CARTAGENA DEL CHAIRA', 8, NULL, NULL),
(365, 'CURILLO', 8, NULL, NULL),
(366, 'EL DONCELLO', 8, NULL, NULL),
(367, 'EL PAUJIL', 8, NULL, NULL),
(368, 'FLORENCIA', 8, NULL, NULL),
(369, 'MILAN', 8, NULL, NULL),
(370, 'MONTANITA', 8, NULL, NULL),
(371, 'MORELIA', 8, NULL, NULL),
(372, 'PUERTO RICO', 8, NULL, NULL),
(373, 'SAN JOSE DEL FRAGUA', 8, NULL, NULL),
(374, 'SAN VICENTE DEL CAGUAN', 8, NULL, NULL),
(375, 'SOLANO', 8, NULL, NULL),
(376, 'SOLITA', 8, NULL, NULL),
(377, 'VALPARAISO', 8, NULL, NULL),
(378, 'AGUAZUL', 9, NULL, NULL),
(379, 'CHAMEZA', 9, NULL, NULL),
(380, 'HATO COROZAL', 9, NULL, NULL),
(381, 'LA SALINA', 9, NULL, NULL),
(382, 'MANI', 9, NULL, NULL),
(383, 'MONTERREY', 9, NULL, NULL),
(384, 'NUNCHIA', 9, NULL, NULL),
(385, 'OROCUE', 9, NULL, NULL),
(386, 'PAZ DE ARIPORO', 9, NULL, NULL),
(387, 'PORE', 9, NULL, NULL),
(388, 'RECETOR', 9, NULL, NULL),
(389, 'SABANALARGA', 9, NULL, NULL),
(390, 'SACAMA', 9, NULL, NULL),
(391, 'SAN LUIS DE PALENQUE', 9, NULL, NULL),
(392, 'TAMARA', 9, NULL, NULL),
(393, 'TAURAMENA', 9, NULL, NULL),
(394, 'TRINIDAD', 9, NULL, NULL),
(395, 'VILLANUEVA', 9, NULL, NULL),
(396, 'YOPAL', 9, NULL, NULL),
(397, 'ALMAGUER', 10, NULL, NULL),
(398, 'ARGELIA', 10, NULL, NULL),
(399, 'BALBOA', 10, NULL, NULL),
(400, 'BOLIVAR', 10, NULL, NULL),
(401, 'BUENOS AIRES', 10, NULL, NULL),
(402, 'CAJIBIO', 10, NULL, NULL),
(403, 'CALDONO', 10, NULL, NULL),
(404, 'CALOTO', 10, NULL, NULL),
(405, 'CORINTO', 10, NULL, NULL),
(406, 'EL TAMBO', 10, NULL, NULL),
(407, 'FLORENCIA', 10, NULL, NULL),
(408, 'GUAPI', 10, NULL, NULL),
(409, 'INZA', 10, NULL, NULL),
(410, 'JAMBALO', 10, NULL, NULL),
(411, 'LA SIERRA', 10, NULL, NULL),
(412, 'LA VEGA', 10, NULL, NULL),
(413, 'LOPEZ', 10, NULL, NULL),
(414, 'MERCADERES', 10, NULL, NULL),
(415, 'MIRANDA', 10, NULL, NULL),
(416, 'MORALES', 10, NULL, NULL),
(417, 'PADILLA', 10, NULL, NULL),
(418, 'PAEZ', 10, NULL, NULL),
(419, 'PATIA', 10, NULL, NULL),
(420, 'PIAMONTE', 10, NULL, NULL),
(421, 'PIENDAMO', 10, NULL, NULL),
(422, 'POPAYAN', 10, NULL, NULL),
(423, 'PUERTO TEJADA', 10, NULL, NULL),
(424, 'PURACE', 10, NULL, NULL),
(425, 'ROSAS', 10, NULL, NULL),
(426, 'SAN SEBASTIAN', 10, NULL, NULL),
(427, 'SANTA ROSA', 10, NULL, NULL),
(428, 'SANTANDER DE QUILICHAO', 10, NULL, NULL),
(429, 'SILVIA', 10, NULL, NULL),
(430, 'SOTARA', 10, NULL, NULL),
(431, 'SUAREZ', 10, NULL, NULL),
(432, 'SUCRE', 10, NULL, NULL),
(433, 'TIMBIO', 10, NULL, NULL),
(434, 'TIMBIQUI', 10, NULL, NULL),
(435, 'TORIBIO', 10, NULL, NULL),
(436, 'TOTORO', 10, NULL, NULL),
(437, 'VILLA RICA', 10, NULL, NULL),
(438, 'AGUACHICA', 11, NULL, NULL),
(439, 'AGUSTIN CODAZZI', 11, NULL, NULL),
(440, 'ASTREA', 11, NULL, NULL),
(441, 'BECERRIL', 11, NULL, NULL),
(442, 'BOSCONIA', 11, NULL, NULL),
(443, 'CHIMI HAGUA', 11, NULL, NULL),
(444, 'CHIRIGUANA', 11, NULL, NULL),
(445, 'CURUMANI', 11, NULL, NULL),
(446, 'EL COPEY', 11, NULL, NULL),
(447, 'EL PASO', 11, NULL, NULL),
(448, 'GAMARRA', 11, NULL, NULL),
(449, 'GONZALEZ', 11, NULL, NULL),
(450, 'LA GLORIA', 11, NULL, NULL),
(451, 'LA JAGUA DE IBIRICO', 11, NULL, NULL),
(452, 'LA PAZ', 11, NULL, NULL),
(453, 'MANAURE BALCON DEL CESAR', 11, NULL, NULL),
(454, 'PAILITAS', 11, NULL, NULL),
(455, 'PELAYA', 11, NULL, NULL),
(456, 'PUEBLO BELLO', 11, NULL, NULL),
(457, 'RIO DE ORO', 11, NULL, NULL),
(458, 'SAN ALBERTO', 11, NULL, NULL),
(459, 'SAN DIEGO', 11, NULL, NULL),
(460, 'SAN MARTIN', 11, NULL, NULL),
(461, 'TAMALAMEQUE', 11, NULL, NULL),
(462, 'VALLEDUPAR', 11, NULL, NULL),
(463, 'ACANDI', 12, NULL, NULL),
(464, 'ALTO BAUDO', 12, NULL, NULL),
(465, 'ATRATO', 12, NULL, NULL),
(466, 'BAGADO', 12, NULL, NULL),
(467, 'BAHIA SOLANO', 12, NULL, NULL),
(468, 'BAJO BAUDO', 12, NULL, NULL),
(469, 'BOJAYA', 12, NULL, NULL),
(470, 'CARMEN DEL DARIEN', 12, NULL, NULL),
(471, 'CERTEGUI', 12, NULL, NULL),
(472, 'CONDOTO', 12, NULL, NULL),
(473, 'EL CANTON DEL SAN PABLO', 12, NULL, NULL),
(474, 'EL CARMEN', 12, NULL, NULL),
(475, 'EL LITORAL DEL SAN JUAN', 12, NULL, NULL),
(476, 'ITSMINA', 12, NULL, NULL),
(477, 'JURADO', 12, NULL, NULL),
(478, 'LLORO', 12, NULL, NULL),
(479, 'MEDIO ATRATO', 12, NULL, NULL),
(480, 'MEDIO BAUDO', 12, NULL, NULL),
(481, 'MEDIO SAN JUAN', 12, NULL, NULL),
(482, 'NOVITA', 12, NULL, NULL),
(483, 'NUQUI', 12, NULL, NULL),
(484, 'QUIBDO', 12, NULL, NULL),
(485, 'RIO IRO', 12, NULL, NULL),
(486, 'RIO QUITO', 12, NULL, NULL),
(487, 'RIOSUCIO', 12, NULL, NULL),
(488, 'SAN JOSE DEL PALMAR', 12, NULL, NULL),
(489, 'SIPI', 12, NULL, NULL),
(490, 'TADO', 12, NULL, NULL),
(491, 'UNGUIA', 12, NULL, NULL),
(492, 'UNION PANAMERICANA', 12, NULL, NULL),
(493, 'AYAPEL', 13, NULL, NULL),
(494, 'BUENAVISTA', 13, NULL, NULL),
(495, 'CANALETE', 13, NULL, NULL),
(496, 'CERETE', 13, NULL, NULL),
(497, 'CHIMA', 13, NULL, NULL),
(498, 'CHINU', 13, NULL, NULL),
(499, 'CIENAGA DE ORO', 13, NULL, NULL),
(500, 'COTORRA', 13, NULL, NULL),
(501, 'LA APARTADA', 13, NULL, NULL),
(502, 'LORICA', 13, NULL, NULL),
(503, 'LOS CORDOBAS', 13, NULL, NULL),
(504, 'MOMIL', 13, NULL, NULL),
(505, 'MONITOS', 13, NULL, NULL),
(506, 'MONTELIBANO', 13, NULL, NULL),
(507, 'MONTERIA', 13, NULL, NULL),
(508, 'PLANETA RICA', 13, NULL, NULL),
(509, 'PUEBLO NUEVO', 13, NULL, NULL),
(510, 'PUERTO ESCONDIDO', 13, NULL, NULL),
(511, 'PUERTO LIBERTADOR', 13, NULL, NULL),
(512, 'PURISIMA', 13, NULL, NULL),
(513, 'SAHAGUN', 13, NULL, NULL),
(514, 'SAN ANDRES DE SOTAVENTO', 13, NULL, NULL),
(515, 'SAN ANTERO', 13, NULL, NULL),
(516, 'SAN BERNARDO DEL VIENTO', 13, NULL, NULL),
(517, 'SAN CARLOS', 13, NULL, NULL),
(518, 'SAN PELAYO', 13, NULL, NULL),
(519, 'TIERRALTA', 13, NULL, NULL),
(520, 'VALENCIA', 13, NULL, NULL),
(521, 'AGUA DE DIOS', 14, NULL, NULL),
(522, 'ALBAN', 14, NULL, NULL),
(523, 'ANAPOIMA', 14, NULL, NULL),
(524, 'ANOLAIMA', 14, NULL, NULL),
(525, 'APULO', 14, NULL, NULL),
(526, 'ARBELAEZ', 14, NULL, NULL),
(527, 'BELTRAN', 14, NULL, NULL),
(528, 'BITUIMA', 14, NULL, NULL),
(529, 'BOJACA', 14, NULL, NULL),
(530, 'CABRERA', 14, NULL, NULL),
(531, 'CACHIPAY', 14, NULL, NULL),
(532, 'CAJICA', 14, NULL, NULL),
(533, 'CAPARRAPI', 14, NULL, NULL),
(534, 'CAQUEZA', 14, NULL, NULL),
(535, 'CARMEN DE CARUPA', 14, NULL, NULL),
(536, 'CHAGUANI', 14, NULL, NULL),
(537, 'CHIA', 14, NULL, NULL),
(538, 'CHIPAQUE', 14, NULL, NULL),
(539, 'CHOACHI', 14, NULL, NULL),
(540, 'CHOCONTA', 14, NULL, NULL),
(541, 'COGUA', 14, NULL, NULL),
(542, 'COTA', 14, NULL, NULL),
(543, 'CUCUNUBA', 14, NULL, NULL),
(544, 'EL COLEGIO', 14, NULL, NULL),
(545, 'EL PENON', 14, NULL, NULL),
(546, 'EL ROSAL', 14, NULL, NULL),
(547, 'FACATATIVA', 14, NULL, NULL),
(548, 'FOMEQUE', 14, NULL, NULL),
(549, 'FOSCA', 14, NULL, NULL),
(550, 'FUNZA', 14, NULL, NULL),
(551, 'FUQUENE', 14, NULL, NULL),
(552, 'FUSAGASUGA', 14, NULL, NULL),
(553, 'GACHALA', 14, NULL, NULL),
(554, 'GACHANCIPA', 14, NULL, NULL),
(555, 'GACHETA', 14, NULL, NULL),
(556, 'GAMA', 14, NULL, NULL),
(557, 'GIRARDOT', 14, NULL, NULL),
(558, 'GRANADA', 14, NULL, NULL),
(559, 'GUACHETA', 14, NULL, NULL),
(560, 'GUADUAS', 14, NULL, NULL),
(561, 'GUASCA', 14, NULL, NULL),
(562, 'GUATAQUI', 14, NULL, NULL),
(563, 'GUATAVITA', 14, NULL, NULL),
(564, 'GUAYABAL DE SIQUIMA', 14, NULL, NULL),
(565, 'GUAYABETAL', 14, NULL, NULL),
(566, 'GUTIERREZ', 14, NULL, NULL),
(567, 'JERUSALEN', 14, NULL, NULL),
(568, 'JUNIN', 14, NULL, NULL),
(569, 'LA CALERA', 14, NULL, NULL),
(570, 'LA MESA', 14, NULL, NULL),
(571, 'LA PALMA', 14, NULL, NULL),
(572, 'LA PENA', 14, NULL, NULL),
(573, 'LA VEGA', 14, NULL, NULL),
(574, 'LENGUAZAQUE', 14, NULL, NULL),
(575, 'MACHETA', 14, NULL, NULL),
(576, 'MADRID', 14, NULL, NULL),
(577, 'MANTA', 14, NULL, NULL),
(578, 'MEDINA', 14, NULL, NULL),
(579, 'MOSQUERA', 14, NULL, NULL),
(580, 'NARINO', 14, NULL, NULL),
(581, 'NEMOCON', 14, NULL, NULL),
(582, 'NILO', 14, NULL, NULL),
(583, 'NIMAIMA', 14, NULL, NULL),
(584, 'NOCAIMA', 14, NULL, NULL),
(585, 'PACHO', 14, NULL, NULL),
(586, 'PAIME', 14, NULL, NULL),
(587, 'PANDI', 14, NULL, NULL),
(588, 'PARATEBUENO', 14, NULL, NULL),
(589, 'PASCA', 14, NULL, NULL),
(590, 'PUERTO SALGAR', 14, NULL, NULL),
(591, 'PULI', 14, NULL, NULL),
(592, 'QUEBRADANEGRA', 14, NULL, NULL),
(593, 'QUETAME', 14, NULL, NULL),
(594, 'QUIPILE', 14, NULL, NULL),
(595, 'RICAURTE', 14, NULL, NULL),
(596, 'SAN ANTONIO DE TEQUENDAMA', 14, NULL, NULL),
(597, 'SAN BERNARDO', 14, NULL, NULL),
(598, 'SAN CAYETANO', 14, NULL, NULL),
(599, 'SAN FRANCISCO', 14, NULL, NULL),
(600, 'SAN JUAN DE RIOSECO', 14, NULL, NULL),
(601, 'SASAIMA', 14, NULL, NULL),
(602, 'SESQUILE', 14, NULL, NULL),
(603, 'SIBATE', 14, NULL, NULL),
(604, 'SILVANIA', 14, NULL, NULL),
(605, 'SIMIJACA', 14, NULL, NULL),
(606, 'SOACHA', 14, NULL, NULL),
(607, 'SOPO', 14, NULL, NULL),
(608, 'SUBACHOQUE', 14, NULL, NULL),
(609, 'SUESCA', 14, NULL, NULL),
(610, 'SUPATA', 14, NULL, NULL),
(611, 'SUSA', 14, NULL, NULL),
(612, 'SUTATAUSA', 14, NULL, NULL),
(613, 'TABIO', 14, NULL, NULL),
(614, 'TAUSA', 14, NULL, NULL),
(615, 'TENA', 14, NULL, NULL),
(616, 'TENJO', 14, NULL, NULL),
(617, 'TIBACUY', 14, NULL, NULL),
(618, 'TIBIRITA', 14, NULL, NULL),
(619, 'TOCAIMA', 14, NULL, NULL),
(620, 'TOCANCIPA', 14, NULL, NULL),
(621, 'TOPAIPI', 14, NULL, NULL),
(622, 'UBALA', 14, NULL, NULL),
(623, 'UBAQUE', 14, NULL, NULL),
(624, 'UBATE', 14, NULL, NULL),
(625, 'UNE', 14, NULL, NULL),
(626, 'UTICA', 14, NULL, NULL),
(627, 'VENECIA', 14, NULL, NULL),
(628, 'VERGARA', 14, NULL, NULL),
(629, 'VIANI', 14, NULL, NULL),
(630, 'VILLAGOMEZ', 14, NULL, NULL),
(631, 'VILLAPINZON', 14, NULL, NULL),
(632, 'VILLETA', 14, NULL, NULL),
(633, 'VIOTA', 14, NULL, NULL),
(634, 'YACOPI', 14, NULL, NULL),
(635, 'ZIPACON', 14, NULL, NULL),
(636, 'ZIPAQUIRA', 14, NULL, NULL),
(637, 'BARRANCO MINA', 15, NULL, NULL),
(638, 'CACAHUAL', 15, NULL, NULL),
(639, 'INIRIDA', 15, NULL, NULL),
(640, 'LA GUADALUPE', 15, NULL, NULL),
(641, 'MAPIRIPANA', 15, NULL, NULL),
(642, 'MORICHAL', 15, NULL, NULL),
(643, 'PANA-PANA', 15, NULL, NULL),
(644, 'PUERTO COLOMBIA', 15, NULL, NULL),
(645, 'SAN FELIPE', 15, NULL, NULL),
(646, 'ALBANIA', 16, NULL, NULL),
(647, 'BARRANCAS', 16, NULL, NULL),
(648, 'DIBULLA', 16, NULL, NULL),
(649, 'DISTRACCION', 16, NULL, NULL),
(650, 'EL MOLINO', 16, NULL, NULL),
(651, 'FONSECA', 16, NULL, NULL),
(652, 'HATO NUEVO', 16, NULL, NULL),
(653, 'LA JAGUA DEL PILAR', 16, NULL, NULL),
(654, 'MAICAO', 16, NULL, NULL),
(655, 'MANAURE', 16, NULL, NULL),
(656, 'RIOHACHA', 16, NULL, NULL),
(657, 'SAN JUAN DEL CESAR', 16, NULL, NULL),
(658, 'URIBIA', 16, NULL, NULL),
(659, 'URUMITA', 16, NULL, NULL),
(660, 'VILLANUEVA', 16, NULL, NULL),
(661, 'CALAMAR', 17, NULL, NULL),
(662, 'EL RETORNO', 17, NULL, NULL),
(663, 'MIRAFLORES', 17, NULL, NULL),
(664, 'SAN JOSE DEL GUAVIARE', 17, NULL, NULL),
(665, 'ACEVEDO', 18, NULL, NULL),
(666, 'AGRADO', 18, NULL, NULL),
(667, 'AIPE', 18, NULL, NULL),
(668, 'ALGECIRAS', 18, NULL, NULL),
(669, 'ALTAMIRA', 18, NULL, NULL),
(670, 'BARAYA', 18, NULL, NULL),
(671, 'CAMPOALEGRE', 18, NULL, NULL),
(672, 'COLOMBIA', 18, NULL, NULL),
(673, 'ELIAS', 18, NULL, NULL),
(674, 'GARZON', 18, NULL, NULL),
(675, 'GIGANTE', 18, NULL, NULL),
(676, 'GUADALUPE', 18, NULL, NULL),
(677, 'HOBO', 18, NULL, NULL),
(678, 'IQUIRA', 18, NULL, NULL),
(679, 'ISNOS', 18, NULL, NULL),
(680, 'LA ARGENTINA', 18, NULL, NULL),
(681, 'LA PLATA', 18, NULL, NULL),
(682, 'NATAGA', 18, NULL, NULL),
(683, 'NEIVA', 18, NULL, NULL),
(684, 'OPORAPA', 18, NULL, NULL),
(685, 'PAICOL', 18, NULL, NULL),
(686, 'PALERMO', 18, NULL, NULL),
(687, 'PALESTINA', 18, NULL, NULL),
(688, 'PITAL', 18, NULL, NULL),
(689, 'PITALITO', 18, NULL, NULL),
(690, 'RIVERA', 18, NULL, NULL),
(691, 'SALADOBLANCO', 18, NULL, NULL),
(692, 'SAN AGUSTIN', 18, NULL, NULL),
(693, 'SANTA MARIA', 18, NULL, NULL),
(694, 'SUAZA', 18, NULL, NULL),
(695, 'TARQUI', 18, NULL, NULL),
(696, 'TELLO', 18, NULL, NULL),
(697, 'TERUEL', 18, NULL, NULL),
(698, 'TESALIA', 18, NULL, NULL),
(699, 'TIMANA', 18, NULL, NULL),
(700, 'VILLAVIEJA', 18, NULL, NULL),
(701, 'YAGUARA', 18, NULL, NULL),
(702, 'ALGARROBO', 19, NULL, NULL),
(703, 'ARACATACA', 19, NULL, NULL),
(704, 'ARIGUANI', 19, NULL, NULL),
(705, 'CERRO DE SAN ANTONIO', 19, NULL, NULL),
(706, 'CHIVOLO', 19, NULL, NULL),
(707, 'CIENAGA', 19, NULL, NULL),
(708, 'CONCORDIA', 19, NULL, NULL),
(709, 'EL BANCO', 19, NULL, NULL),
(710, 'EL PINON', 19, NULL, NULL),
(711, 'EL RETEN', 19, NULL, NULL),
(712, 'FUNDACION', 19, NULL, NULL),
(713, 'GUAMAL', 19, NULL, NULL),
(714, 'NUEVA GRANADA', 19, NULL, NULL),
(715, 'PEDRAZA', 19, NULL, NULL),
(716, 'PIJINO DEL CARMEN', 19, NULL, NULL),
(717, 'PIVIJAY', 19, NULL, NULL),
(718, 'PLATO', 19, NULL, NULL),
(719, 'PUEBLOVIEJO', 19, NULL, NULL),
(720, 'REMOLINO', 19, NULL, NULL),
(721, 'SABANAS DE SAN ANGEL', 19, NULL, NULL),
(722, 'SALAMINA', 19, NULL, NULL),
(723, 'SAN SEBASTIAN DE BUENAVISTA', 19, NULL, NULL),
(724, 'SAN ZENON', 19, NULL, NULL),
(725, 'SANTA ANA', 19, NULL, NULL),
(726, 'SANTA BARBARA DE PINTO', 19, NULL, NULL),
(727, 'SANTA MARTA', 19, NULL, NULL),
(728, 'SITIONUEVO', 19, NULL, NULL),
(729, 'TENERIFE', 19, NULL, NULL),
(730, 'ZAPAYAN', 19, NULL, NULL),
(731, 'ZONA BANANERA', 19, NULL, NULL),
(732, 'ACACIAS', 20, NULL, NULL),
(733, 'BARRANCA DE UPIA', 20, NULL, NULL),
(734, 'CABUYARO', 20, NULL, NULL),
(735, 'CASTILLA LA NUEVA', 20, NULL, NULL),
(736, 'CUBARRAL', 20, NULL, NULL),
(737, 'CUMARAL', 20, NULL, NULL),
(738, 'EL CALVARIO', 20, NULL, NULL),
(739, 'EL CASTILLO', 20, NULL, NULL),
(740, 'EL DORADO', 20, NULL, NULL),
(741, 'FUENTE DE ORO', 20, NULL, NULL),
(742, 'GRANADA', 20, NULL, NULL),
(743, 'GUAMAL', 20, NULL, NULL),
(744, 'LA MACARENA', 20, NULL, NULL),
(745, 'LEJANIAS', 20, NULL, NULL),
(746, 'MAPIRIPAN', 20, NULL, NULL),
(747, 'MESETAS', 20, NULL, NULL),
(748, 'PUERTO CONCORDIA', 20, NULL, NULL),
(749, 'PUERTO GAITAN', 20, NULL, NULL),
(750, 'PUERTO LLERAS', 20, NULL, NULL),
(751, 'PUERTO LOPEZ', 20, NULL, NULL),
(752, 'PUERTO RICO', 20, NULL, NULL),
(753, 'RESTREPO', 20, NULL, NULL),
(754, 'SAN CARLOS DE GUAROA', 20, NULL, NULL),
(755, 'SAN JUAN DE ARAMA', 20, NULL, NULL),
(756, 'SAN JUANITO', 20, NULL, NULL),
(757, 'SAN MARTIN', 20, NULL, NULL),
(758, 'URIBE', 20, NULL, NULL),
(759, 'VILLAVICENCIO', 20, NULL, NULL),
(760, 'VISTAHERMOSA', 20, NULL, NULL),
(761, 'ABREGO', 21, NULL, NULL),
(762, 'ARBOLEDAS', 21, NULL, NULL),
(763, 'BOCHALEMA', 21, NULL, NULL),
(764, 'BUCARASICA', 21, NULL, NULL),
(765, 'CACHIRA', 21, NULL, NULL),
(766, 'CACOTA', 21, NULL, NULL),
(767, 'CHINACOTA', 21, NULL, NULL),
(768, 'CHITAGA', 21, NULL, NULL),
(769, 'CONVENCION', 21, NULL, NULL),
(770, 'CUCUTA', 21, NULL, NULL),
(771, 'CUCUTILLA', 21, NULL, NULL),
(772, 'DURANIA', 21, NULL, NULL),
(773, 'EL CARMEN', 21, NULL, NULL),
(774, 'EL TARRA', 21, NULL, NULL),
(775, 'EL ZULIA', 21, NULL, NULL),
(776, 'GRAMALOTE', 21, NULL, NULL),
(777, 'HACARI', 21, NULL, NULL),
(778, 'HERRAN', 21, NULL, NULL),
(779, 'LA ESPERANZA', 21, NULL, NULL),
(780, 'LA PLAYA', 21, NULL, NULL),
(781, 'LABATECA', 21, NULL, NULL),
(782, 'LOS PATIOS', 21, NULL, NULL),
(783, 'LOURDES', 21, NULL, NULL),
(784, 'MUTISCUA', 21, NULL, NULL),
(785, 'OCANA', 21, NULL, NULL),
(786, 'PAMPLONA', 21, NULL, NULL),
(787, 'PAMPLONITA', 21, NULL, NULL),
(788, 'PUERTO SANTANDER', 21, NULL, NULL),
(789, 'RAGONVALIA', 21, NULL, NULL),
(790, 'SALAZAR', 21, NULL, NULL),
(791, 'SAN CALIXTO', 21, NULL, NULL),
(792, 'SAN CAYETANO', 21, NULL, NULL),
(793, 'SANTIAGO', 21, NULL, NULL),
(794, 'SARDINATA', 21, NULL, NULL),
(795, 'SILOS', 21, NULL, NULL),
(796, 'TEORAMA', 21, NULL, NULL),
(797, 'TIBU', 21, NULL, NULL),
(798, 'TOLEDO', 21, NULL, NULL),
(799, 'VILLA CARO', 21, NULL, NULL),
(800, 'VILLA DEL ROSARIO', 21, NULL, NULL),
(801, 'ALBAN', 22, NULL, NULL),
(802, 'ALDANA', 22, NULL, NULL),
(803, 'ANCUYA', 22, NULL, NULL),
(804, 'ARBOLEDA', 22, NULL, NULL),
(805, 'BARBACOAS', 22, NULL, NULL),
(806, 'BELEN', 22, NULL, NULL),
(807, 'BUESACO', 22, NULL, NULL),
(808, 'CHACHAGUI', 22, NULL, NULL),
(809, 'COLON (GEnova)', 22, NULL, NULL),
(810, 'CONSACA', 22, NULL, NULL),
(811, 'CONTADERO', 22, NULL, NULL),
(812, 'CORDOBA', 22, NULL, NULL),
(813, 'CUASPUD', 22, NULL, NULL),
(814, 'CUMBAL', 22, NULL, NULL),
(815, 'CUMBITARA', 22, NULL, NULL),
(816, 'EL CHARCO', 22, NULL, NULL),
(817, 'EL PENOL', 22, NULL, NULL),
(818, 'EL ROSARIO', 22, NULL, NULL),
(819, 'EL TABLON', 22, NULL, NULL),
(820, 'EL TAMBO', 22, NULL, NULL),
(821, 'FRANCISCO PIZARRO', 22, NULL, NULL),
(822, 'FUNES', 22, NULL, NULL),
(823, 'GUACHUCAL', 22, NULL, NULL),
(824, 'GUAITARILLA', 22, NULL, NULL),
(825, 'GUALMATAN', 22, NULL, NULL),
(826, 'ILES', 22, NULL, NULL),
(827, 'IMUES', 22, NULL, NULL),
(828, 'IPIALES', 22, NULL, NULL),
(829, 'LA CRUZ', 22, NULL, NULL),
(830, 'LA FLORIDA', 22, NULL, NULL),
(831, 'LA LLANADA', 22, NULL, NULL),
(832, 'LA TOLA', 22, NULL, NULL),
(833, 'LA UNION', 22, NULL, NULL),
(834, 'LEIVA', 22, NULL, NULL),
(835, 'LINARES', 22, NULL, NULL),
(836, 'LOS ANDES', 22, NULL, NULL),
(837, 'MAG&Uuml;I', 22, NULL, NULL),
(838, 'MALLAMA', 22, NULL, NULL),
(839, 'MOSQUERA', 22, NULL, NULL),
(840, 'NARINO', 22, NULL, NULL),
(841, 'OLAYA HERRERA', 22, NULL, NULL),
(842, 'OSPINA', 22, NULL, NULL),
(843, 'PASTO', 22, NULL, NULL),
(844, 'POLICARPA', 22, NULL, NULL),
(845, 'POTOSI', 22, NULL, NULL),
(846, 'PROVIDENCIA', 22, NULL, NULL),
(847, 'PUERRES', 22, NULL, NULL),
(848, 'PUPIALES', 22, NULL, NULL),
(849, 'RICAURTE', 22, NULL, NULL),
(850, 'ROBERTO PAYAN', 22, NULL, NULL),
(851, 'SAMANIEGO', 22, NULL, NULL),
(852, 'SAN BERNARDO', 22, NULL, NULL),
(853, 'SAN LORENZO', 22, NULL, NULL),
(854, 'SAN PABLO', 22, NULL, NULL),
(855, 'SAN PEDRO DE CARTAGO', 22, NULL, NULL),
(856, 'SANDONA', 22, NULL, NULL),
(857, 'SANTA BARBARA', 22, NULL, NULL),
(858, 'SANTA CRUZ', 22, NULL, NULL),
(859, 'SAPUYES', 22, NULL, NULL),
(860, 'TAMINANGO', 22, NULL, NULL),
(861, 'TANGUA', 22, NULL, NULL),
(862, 'TUMACO', 22, NULL, NULL),
(863, 'TUQUERRES', 22, NULL, NULL),
(864, 'YACUANQUER', 22, NULL, NULL),
(865, 'COLON', 23, NULL, NULL),
(866, 'MOCOA', 23, NULL, NULL),
(867, 'ORITO', 23, NULL, NULL),
(868, 'PUERTO ASIS', 23, NULL, NULL),
(869, 'PUERTO CAICEDO', 23, NULL, NULL),
(870, 'PUERTO GUZMAN', 23, NULL, NULL),
(871, 'PUERTO LEGUIZAMO', 23, NULL, NULL),
(872, 'SAN FRANCISCO', 23, NULL, NULL),
(873, 'SAN MIGUEL', 23, NULL, NULL),
(874, 'SANTIAGO', 23, NULL, NULL),
(875, 'SIBUNDOY', 23, NULL, NULL),
(876, 'VALLE DEL GUAMUEZ', 23, NULL, NULL),
(877, 'VILLAGARZON', 23, NULL, NULL),
(878, 'ARMENIA', 24, NULL, NULL),
(879, 'BUENAVISTA', 24, NULL, NULL),
(880, 'CALARCA', 24, NULL, NULL),
(881, 'CIRCASIA', 24, NULL, NULL),
(882, 'CORDOBA', 24, NULL, NULL),
(883, 'FILANDIA', 24, NULL, NULL),
(884, 'GENOVA', 24, NULL, NULL),
(885, 'LA TEBAIDA', 24, NULL, NULL),
(886, 'MONTENEGRO', 24, NULL, NULL),
(887, 'PIJAO', 24, NULL, NULL),
(888, 'QUIMBAYA', 24, NULL, NULL),
(889, 'SALENTO', 24, NULL, NULL),
(890, 'APIA', 25, NULL, NULL),
(891, 'BALBOA', 25, NULL, NULL),
(892, 'BELEN DE UMBRIA', 25, NULL, NULL),
(893, 'DOSQUEBRADAS', 25, NULL, NULL),
(894, 'GUATICA', 25, NULL, NULL),
(895, 'LA CELIA', 25, NULL, NULL),
(896, 'LA VIRGINIA', 25, NULL, NULL),
(897, 'MARSELLA', 25, NULL, NULL),
(898, 'MISTRATO', 25, NULL, NULL),
(899, 'PEREIRA', 25, NULL, NULL),
(900, 'PUEBLO RICO', 25, NULL, NULL),
(901, 'QUINCHIA', 25, NULL, NULL),
(902, 'SANTA ROSA DE CABAL', 25, NULL, NULL),
(903, 'SANTUARIO', 25, NULL, NULL),
(904, 'PROVIDENCIA Y SANTA CATALINA', 26, NULL, NULL),
(905, 'SAN ANDRES', 26, NULL, NULL),
(906, 'AGUADA', 27, NULL, NULL),
(907, 'ALBANIA', 27, NULL, NULL),
(908, 'ARATOCA', 27, NULL, NULL),
(909, 'BARBOSA', 27, NULL, NULL),
(910, 'BARICHARA', 27, NULL, NULL),
(911, 'BARRANCABERMEJA', 27, NULL, NULL),
(912, 'BETULIA', 27, NULL, NULL),
(913, 'BOLIVAR', 27, NULL, NULL),
(914, 'BUCARAMANGA', 27, NULL, NULL),
(915, 'CABRERA', 27, NULL, NULL),
(916, 'CALIFORNIA', 27, NULL, NULL),
(917, 'CAPITANEJO', 27, NULL, NULL),
(918, 'CARCASI', 27, NULL, NULL),
(919, 'CEPITA', 27, NULL, NULL),
(920, 'CERRITO', 27, NULL, NULL),
(921, 'CHARALA', 27, NULL, NULL),
(922, 'CHARTA', 27, NULL, NULL),
(923, 'CHIMA', 27, NULL, NULL),
(924, 'CHIPATA', 27, NULL, NULL),
(925, 'CIMITARRA', 27, NULL, NULL),
(926, 'CONCEPCION', 27, NULL, NULL),
(927, 'CONFINES', 27, NULL, NULL),
(928, 'CONTRATACION', 27, NULL, NULL),
(929, 'COROMORO', 27, NULL, NULL),
(930, 'CURITI', 27, NULL, NULL),
(931, 'EL CARMEN', 27, NULL, NULL),
(932, 'EL GUACAMAYO', 27, NULL, NULL),
(933, 'EL PENON', 27, NULL, NULL),
(934, 'EL PLAYON', 27, NULL, NULL),
(935, 'ENCINO', 27, NULL, NULL),
(936, 'ENCISO', 27, NULL, NULL),
(937, 'FLORIAN', 27, NULL, NULL),
(938, 'FLORIDABLANCA', 27, NULL, NULL),
(939, 'GALAN', 27, NULL, NULL),
(940, 'GAMBITA', 27, NULL, NULL),
(941, 'GIRON', 27, NULL, NULL),
(942, 'GUACA', 27, NULL, NULL),
(943, 'GUADALUPE', 27, NULL, NULL),
(944, 'GUAPOTA', 27, NULL, NULL),
(945, 'GUAVATA', 27, NULL, NULL),
(946, 'G&Uuml;EPSA', 27, NULL, NULL),
(947, 'HATO', 27, NULL, NULL),
(948, 'JESUS MARIA', 27, NULL, NULL),
(949, 'JORDAN', 27, NULL, NULL),
(950, 'LA BELLEZA', 27, NULL, NULL),
(951, 'LA PAZ', 27, NULL, NULL),
(952, 'LANDAZURI', 27, NULL, NULL),
(953, 'LEBRIJA', 27, NULL, NULL),
(954, 'LOS SANTOS', 27, NULL, NULL),
(955, 'MACARAVITA', 27, NULL, NULL),
(956, 'MALAGA', 27, NULL, NULL),
(957, 'MATANZA', 27, NULL, NULL),
(958, 'MOGOTES', 27, NULL, NULL),
(959, 'MOLAGAVITA', 27, NULL, NULL),
(960, 'OCAMONTE', 27, NULL, NULL),
(961, 'OIBA', 27, NULL, NULL),
(962, 'ONZAGA', 27, NULL, NULL),
(963, 'PALMAR', 27, NULL, NULL),
(964, 'PALMAS DEL SOCORRO', 27, NULL, NULL),
(965, 'PARAMO', 27, NULL, NULL),
(966, 'PIEDECUESTA', 27, NULL, NULL),
(967, 'PINCHOTE', 27, NULL, NULL),
(968, 'PUENTE NACIONAL', 27, NULL, NULL),
(969, 'PUERTO PARRA', 27, NULL, NULL),
(970, 'PUERTO WILCHES', 27, NULL, NULL),
(971, 'RIONEGRO', 27, NULL, NULL),
(972, 'SABANA DE TORRES', 27, NULL, NULL),
(973, 'SAN ANDRES', 27, NULL, NULL),
(974, 'SAN BENITO', 27, NULL, NULL),
(975, 'SAN GIL', 27, NULL, NULL),
(976, 'SAN JOAQUIN', 27, NULL, NULL),
(977, 'SAN JOSE DE MIRANDA', 27, NULL, NULL),
(978, 'SAN MIGUEL', 27, NULL, NULL),
(979, 'SAN VICENTE DE CHUCURI', 27, NULL, NULL),
(980, 'SANTA BARBARA', 27, NULL, NULL),
(981, 'SANTA HELENA DEL OPON', 27, NULL, NULL),
(982, 'SIMACOTA', 27, NULL, NULL),
(983, 'SOCORRO', 27, NULL, NULL),
(984, 'SUAITA', 27, NULL, NULL),
(985, 'SUCRE', 27, NULL, NULL),
(986, 'SURATA', 27, NULL, NULL),
(987, 'TONA', 27, NULL, NULL),
(988, 'VALLE DE SAN JOSE', 27, NULL, NULL),
(989, 'VELEZ', 27, NULL, NULL),
(990, 'VETAS', 27, NULL, NULL),
(991, 'VILLANUEVA', 27, NULL, NULL),
(992, 'ZAPATOCA', 27, NULL, NULL),
(993, 'BUENAVISTA', 28, NULL, NULL),
(994, 'CAIMITO', 28, NULL, NULL),
(995, 'CHALAN', 28, NULL, NULL),
(996, 'COLOSO', 28, NULL, NULL),
(997, 'COROZAL', 28, NULL, NULL),
(998, 'COVENAS', 28, NULL, NULL),
(999, 'EL ROBLE', 28, NULL, NULL),
(1000, 'GALERAS', 28, NULL, NULL),
(1001, 'GUARANDA', 28, NULL, NULL),
(1002, 'LA UNION', 28, NULL, NULL),
(1003, 'LOS PALMITOS', 28, NULL, NULL),
(1004, 'MAJAGUAL', 28, NULL, NULL),
(1005, 'MORROA', 28, NULL, NULL),
(1006, 'OVEJAS', 28, NULL, NULL),
(1007, 'PALMITO', 28, NULL, NULL),
(1008, 'SAMPUES', 28, NULL, NULL),
(1009, 'SAN BENITO ABAD', 28, NULL, NULL),
(1010, 'SAN JUAN DE BETULIA', 28, NULL, NULL),
(1011, 'SAN MARCOS', 28, NULL, NULL),
(1012, 'SAN ONOFRE', 28, NULL, NULL),
(1013, 'SAN PEDRO', 28, NULL, NULL),
(1014, 'SINCE', 28, NULL, NULL),
(1015, 'SINCELEJO', 28, NULL, NULL),
(1016, 'SUCRE', 28, NULL, NULL),
(1017, 'TOLU', 28, NULL, NULL),
(1018, 'TOLUVIEJO', 28, NULL, NULL),
(1019, 'ALPUJARRA', 29, NULL, NULL),
(1020, 'ALVARADO', 29, NULL, NULL),
(1021, 'AMBALEMA', 29, NULL, NULL),
(1022, 'ANZOATEGUI', 29, NULL, NULL),
(1023, 'ARMERO', 29, NULL, NULL),
(1024, 'ATACO', 29, NULL, NULL),
(1025, 'CAJAMARCA', 29, NULL, NULL),
(1026, 'CARMEN DE APICALA', 29, NULL, NULL),
(1027, 'CASABIANCA', 29, NULL, NULL),
(1028, 'CHAPARRAL', 29, NULL, NULL),
(1029, 'COELLO', 29, NULL, NULL),
(1030, 'COYAIMA', 29, NULL, NULL),
(1031, 'CUNDAY', 29, NULL, NULL),
(1032, 'DOLORES', 29, NULL, NULL),
(1033, 'ESPINAL', 29, NULL, NULL),
(1034, 'FALAN', 29, NULL, NULL),
(1035, 'FLANDES', 29, NULL, NULL),
(1036, 'FRESNO', 29, NULL, NULL),
(1037, 'GUAMO', 29, NULL, NULL),
(1038, 'HERVEO', 29, NULL, NULL),
(1039, 'HONDA', 29, NULL, NULL),
(1040, 'IBAGUE', 29, NULL, NULL),
(1041, 'ICONONZO', 29, NULL, NULL),
(1042, 'LERIDA', 29, NULL, NULL),
(1043, 'LIBANO', 29, NULL, NULL),
(1044, 'MARIQUITA', 29, NULL, NULL),
(1045, 'MELGAR', 29, NULL, NULL),
(1046, 'MURILLO', 29, NULL, NULL),
(1047, 'NATAGAIMA', 29, NULL, NULL),
(1048, 'ORTEGA', 29, NULL, NULL),
(1049, 'PALOCABILDO', 29, NULL, NULL),
(1050, 'PIEDRAS', 29, NULL, NULL),
(1051, 'PLANADAS', 29, NULL, NULL),
(1052, 'PRADO', 29, NULL, NULL),
(1053, 'PURIFICACION', 29, NULL, NULL),
(1054, 'RIOBLANCO', 29, NULL, NULL),
(1055, 'RONCESVALLES', 29, NULL, NULL),
(1056, 'ROVIRA', 29, NULL, NULL),
(1057, 'SALDANA', 29, NULL, NULL),
(1058, 'SAN ANTONIO', 29, NULL, NULL),
(1059, 'SAN LUIS', 29, NULL, NULL),
(1060, 'SANTA ISABEL', 29, NULL, NULL),
(1061, 'SUAREZ', 29, NULL, NULL),
(1062, 'VALLE DE SAN JUAN', 29, NULL, NULL),
(1063, 'VENADILLO', 29, NULL, NULL),
(1064, 'VILLAHERMOSA', 29, NULL, NULL),
(1065, 'VILLARRICA', 29, NULL, NULL),
(1066, 'ALCALA', 30, NULL, NULL),
(1067, 'ANDALUCIA', 30, NULL, NULL),
(1068, 'ANSERMANUEVO', 30, NULL, NULL),
(1069, 'ARGELIA', 30, NULL, NULL),
(1070, 'BOLIVAR', 30, NULL, NULL),
(1071, 'BUENAVENTURA', 30, NULL, NULL),
(1072, 'BUGA', 30, NULL, NULL),
(1073, 'BUGALAGRANDE', 30, NULL, NULL),
(1074, 'CAICEDONIA', 30, NULL, NULL),
(1075, 'CALI', 30, NULL, NULL),
(1076, 'CALIMA', 30, NULL, NULL),
(1077, 'CANDELARIA', 30, NULL, NULL),
(1078, 'CARTAGO', 30, NULL, NULL),
(1079, 'DAGUA', 30, NULL, NULL),
(1080, 'EL AGUILA', 30, NULL, NULL),
(1081, 'EL CAIRO', 30, NULL, NULL),
(1082, 'EL CERRITO', 30, NULL, NULL),
(1083, 'EL DOVIO', 30, NULL, NULL),
(1084, 'FLORIDA', 30, NULL, NULL),
(1085, 'GINEBRA', 30, NULL, NULL),
(1086, 'GUACARI', 30, NULL, NULL),
(1087, 'JAMUNDI', 30, NULL, NULL),
(1088, 'LA CUMBRE', 30, NULL, NULL),
(1089, 'LA UNION', 30, NULL, NULL),
(1090, 'LA VICTORIA', 30, NULL, NULL),
(1091, 'OBANDO', 30, NULL, NULL),
(1092, 'PALMIRA', 30, NULL, NULL),
(1093, 'PRADERA', 30, NULL, NULL),
(1094, 'RESTREPO', 30, NULL, NULL),
(1095, 'RIOFRIO', 30, NULL, NULL),
(1096, 'ROLDANILLO', 30, NULL, NULL),
(1097, 'SAN PEDRO', 30, NULL, NULL),
(1098, 'SEVILLA', 30, NULL, NULL),
(1099, 'TORO', 30, NULL, NULL),
(1100, 'TRUJILLO', 30, NULL, NULL),
(1101, 'TULUA', 30, NULL, NULL),
(1102, 'ULLOA', 30, NULL, NULL),
(1103, 'VERSALLES', 30, NULL, NULL),
(1104, 'VIJES', 30, NULL, NULL),
(1105, 'YOTOCO', 30, NULL, NULL),
(1106, 'YUMBO', 30, NULL, NULL),
(1107, 'ZARZAL', 30, NULL, NULL),
(1108, 'CARURU', 31, NULL, NULL),
(1109, 'MITU', 31, NULL, NULL),
(1110, 'PACOA', 31, NULL, NULL),
(1111, 'PAPUNAUA', 31, NULL, NULL),
(1112, 'TARAIRA', 31, NULL, NULL),
(1113, 'YAVARATE', 31, NULL, NULL),
(1114, 'CUMARIBO', 32, NULL, NULL),
(1115, 'LA PRIMAVERA', 32, NULL, NULL),
(1116, 'PUERTO CARRENO', 32, NULL, NULL),
(1117, 'SANTA ROSALIA', 32, NULL, NULL);

-- --------------------------------------------------------

--
-- Estructura de tabla para la tabla `password_resets`
--

CREATE TABLE `password_resets` (
  `email` varchar(80) COLLATE utf8mb4_unicode_ci NOT NULL,
  `token` varchar(255) COLLATE utf8mb4_unicode_ci NOT NULL,
  `created_at` timestamp NULL DEFAULT NULL
) ENGINE=InnoDB DEFAULT CHARSET=utf8mb4 COLLATE=utf8mb4_unicode_ci;

-- --------------------------------------------------------

--
-- Estructura de tabla para la tabla `processes`
--

CREATE TABLE `processes` (
  `id` int(10) UNSIGNED NOT NULL,
  `pcs_number` varchar(255) COLLATE utf8mb4_unicode_ci DEFAULT NULL,
  `pcs_description` varchar(255) COLLATE utf8mb4_unicode_ci NOT NULL,
  `pcs_initial_date` date DEFAULT NULL,
  `pcs_final_date` date DEFAULT NULL,
  `pcs_state` tinyint(1) DEFAULT NULL,
  `pcs_current_step` enum('1','2','3','4','5','6') COLLATE utf8mb4_unicode_ci NOT NULL,
  `pcs_comments` varchar(255) COLLATE utf8mb4_unicode_ci DEFAULT NULL,
  `pcs_document` varchar(255) COLLATE utf8mb4_unicode_ci DEFAULT NULL,
  `dpt_id` int(10) UNSIGNED NOT NULL,
  `mcp_id` int(10) UNSIGNED NOT NULL,
  `usr_id` int(10) UNSIGNED NOT NULL,
  `created_at` timestamp NULL DEFAULT NULL,
  `updated_at` timestamp NULL DEFAULT NULL
) ENGINE=InnoDB DEFAULT CHARSET=utf8mb4 COLLATE=utf8mb4_unicode_ci;

--
-- Volcado de datos para la tabla `processes`
--

INSERT INTO `processes` (`id`, `pcs_number`, `pcs_description`, `pcs_initial_date`, `pcs_final_date`, `pcs_state`, `pcs_current_step`, `pcs_comments`, `pcs_document`, `dpt_id`, `mcp_id`, `usr_id`, `created_at`, `updated_at`) VALUES
(1, '11558313095000', 'faffwf', '2019-05-20', '2019-05-31', 0, '2', 'fasfaf', 'docs_process_1558314223.docx', 5, 170, 1, '2019-05-20 05:44:55', '2019-05-20 06:04:03'),
(2, '21558318284000', 'ddasffaw', '2019-05-30', '2019-06-08', 1, '4', NULL, 'docs_process_1558318363.png', 9, 390, 1, '2019-05-20 07:11:24', '2019-05-20 07:13:18'),
(3, '31558318291000', 'dasffqwrfq', '2019-05-29', '2019-06-07', 1, '4', NULL, 'docs_process_1558318439.docx', 9, 388, 1, '2019-05-20 07:11:31', '2019-05-20 07:14:17'),
(4, '41558321230000', 'asdaf', NULL, NULL, 1, '1', NULL, NULL, 5, 175, 1, '2019-05-20 08:00:30', '2019-05-20 08:00:30'),
(5, '51558321262000', 'asdaf', '2019-05-28', '2019-06-06', 1, '4', NULL, 'docs_process_1558325565.png', 5, 175, 1, '2019-05-20 08:01:02', '2019-05-20 09:21:29'),
(6, '61558321269000', 'dasfa', NULL, NULL, 1, '1', NULL, NULL, 5, 174, 1, '2019-05-20 08:01:09', '2019-05-20 08:01:09'),
(7, '71558321455000', 'dasfa', NULL, NULL, 1, '1', NULL, NULL, 5, 174, 1, '2019-05-20 08:04:15', '2019-05-20 08:04:15'),
(8, '81558321616000', 'asfsf', NULL, NULL, 1, '1', NULL, NULL, 9, 386, 1, '2019-05-20 08:06:56', '2019-05-20 08:06:56'),
(9, '91558321695000', 'asfsf', NULL, NULL, 1, '1', NULL, NULL, 9, 386, 1, '2019-05-20 08:08:15', '2019-05-20 08:08:15'),
(10, '101558321764000', 'asfsf', NULL, NULL, 1, '1', NULL, NULL, 9, 386, 1, '2019-05-20 08:09:24', '2019-05-20 08:09:24'),
(11, '111558322114000', 'afafaw', NULL, NULL, 1, '1', NULL, NULL, 5, 173, 1, '2019-05-20 08:15:14', '2019-05-20 08:15:14');

-- --------------------------------------------------------

--
-- Estructura de tabla para la tabla `process_step_approver`
--

CREATE TABLE `process_step_approver` (
  `id` int(10) UNSIGNED NOT NULL,
  `psa_step` int(11) NOT NULL,
  `pcs_id` int(10) UNSIGNED NOT NULL,
  `usr_id` int(10) UNSIGNED NOT NULL,
  `created_at` timestamp NULL DEFAULT NULL,
  `updated_at` timestamp NULL DEFAULT NULL
) ENGINE=InnoDB DEFAULT CHARSET=utf8mb4 COLLATE=utf8mb4_unicode_ci;

--
-- Volcado de datos para la tabla `process_step_approver`
--

INSERT INTO `process_step_approver` (`id`, `psa_step`, `pcs_id`, `usr_id`, `created_at`, `updated_at`) VALUES
(1, 4, 5, 2, '2019-05-20 09:21:29', '2019-05-20 09:21:29');

-- --------------------------------------------------------

--
-- Estructura de tabla para la tabla `roles`
--

CREATE TABLE `roles` (
  `id` int(10) UNSIGNED NOT NULL,
  `name` varchar(255) COLLATE utf8mb4_unicode_ci NOT NULL,
  `description` varchar(255) COLLATE utf8mb4_unicode_ci NOT NULL,
  `created_at` timestamp NULL DEFAULT NULL,
  `updated_at` timestamp NULL DEFAULT NULL
) ENGINE=InnoDB DEFAULT CHARSET=utf8mb4 COLLATE=utf8mb4_unicode_ci;

--
-- Volcado de datos para la tabla `roles`
--

INSERT INTO `roles` (`id`, `name`, `description`, `created_at`, `updated_at`) VALUES
(1, 'approver', 'Aprobador', '2019-05-20 05:44:21', '2019-05-20 05:44:21'),
(2, 'applicant', 'Solicitante', '2019-05-20 05:44:21', '2019-05-20 05:44:21'),
(3, 'admin', 'Administrador', '2019-05-20 05:44:21', '2019-05-20 05:44:21');

-- --------------------------------------------------------

--
-- Estructura de tabla para la tabla `role_user`
--

CREATE TABLE `role_user` (
  `id` int(10) UNSIGNED NOT NULL,
  `role_id` int(10) UNSIGNED NOT NULL,
  `user_id` int(10) UNSIGNED NOT NULL,
  `created_at` timestamp NULL DEFAULT NULL,
  `updated_at` timestamp NULL DEFAULT NULL
) ENGINE=InnoDB DEFAULT CHARSET=utf8mb4 COLLATE=utf8mb4_unicode_ci;

--
-- Volcado de datos para la tabla `role_user`
--

INSERT INTO `role_user` (`id`, `role_id`, `user_id`, `created_at`, `updated_at`) VALUES
(1, 2, 1, '2019-05-20 05:44:21', '2019-05-20 05:44:21'),
(2, 1, 2, '2019-05-20 05:44:21', '2019-05-20 05:44:21'),
(3, 3, 3, '2019-05-20 05:44:21', '2019-05-20 05:44:21');

-- --------------------------------------------------------

--
-- Estructura de tabla para la tabla `users`
--

CREATE TABLE `users` (
  `id` int(10) UNSIGNED NOT NULL,
  `name` varchar(255) COLLATE utf8mb4_unicode_ci NOT NULL,
  `last_name` varchar(255) COLLATE utf8mb4_unicode_ci NOT NULL,
  `email` varchar(80) COLLATE utf8mb4_unicode_ci NOT NULL,
  `password` varchar(255) COLLATE utf8mb4_unicode_ci NOT NULL,
  `deleted` tinyint(1) NOT NULL,
  `remember_token` varchar(100) COLLATE utf8mb4_unicode_ci DEFAULT NULL,
  `created_at` timestamp NULL DEFAULT NULL,
  `updated_at` timestamp NULL DEFAULT NULL
) ENGINE=InnoDB DEFAULT CHARSET=utf8mb4 COLLATE=utf8mb4_unicode_ci;

--
-- Volcado de datos para la tabla `users`
--

INSERT INTO `users` (`id`, `name`, `last_name`, `email`, `password`, `deleted`, `remember_token`, `created_at`, `updated_at`) VALUES
(1, 'User', 'UserOperative', 'user@example.com', '$2y$10$RJym6zEAxsbfstd4T64S5ebOocoar3G2gaqvQpuB1.tJ4peBztkLm', 0, 'eMSBlaCf3VZS7W79eQdxCNptueOXxb29GFv5Zp71SIIJltNNYHw4BlR9w4ZS', '2019-05-20 05:44:21', '2019-05-20 05:44:21'),
(2, 'Approver', 'UserApprover', 'approver@example.com', '$2y$10$t0bKqYK36gEshXD6MPjDWOh.F9Xmq/rOQ43yNwEDgl2YEj2JmIBQS', 0, NULL, '2019-05-20 05:44:21', '2019-05-20 05:44:21'),
(3, 'Admin', 'UserAdmin', 'phernandez@comforce.co ', '$2y$10$ggxRFELg/FgIp9WZSIlEGOhoS3q7CzH92ITRm.IN6FL2Zs6cIMMPW', 0, NULL, '2019-05-20 05:44:21', '2019-05-20 05:44:21');

--
-- Índices para tablas volcadas
--

--
-- Indices de la tabla `departments`
--
ALTER TABLE `departments`
  ADD PRIMARY KEY (`id`);

--
-- Indices de la tabla `migrations`
--
ALTER TABLE `migrations`
  ADD PRIMARY KEY (`id`);

--
-- Indices de la tabla `municipalities`
--
ALTER TABLE `municipalities`
  ADD PRIMARY KEY (`id`),
  ADD KEY `municipalities_dpt_id_foreign` (`dpt_id`);

--
-- Indices de la tabla `password_resets`
--
ALTER TABLE `password_resets`
  ADD KEY `password_resets_email_index` (`email`);

--
-- Indices de la tabla `processes`
--
ALTER TABLE `processes`
  ADD PRIMARY KEY (`id`),
  ADD KEY `processes_dpt_id_foreign` (`dpt_id`),
  ADD KEY `processes_mcp_id_foreign` (`mcp_id`),
  ADD KEY `processes_usr_id_foreign` (`usr_id`);

--
-- Indices de la tabla `process_step_approver`
--
ALTER TABLE `process_step_approver`
  ADD PRIMARY KEY (`id`),
  ADD KEY `process_step_approver_pcs_id_foreign` (`pcs_id`),
  ADD KEY `process_step_approver_usr_id_foreign` (`usr_id`);

--
-- Indices de la tabla `roles`
--
ALTER TABLE `roles`
  ADD PRIMARY KEY (`id`);

--
-- Indices de la tabla `role_user`
--
ALTER TABLE `role_user`
  ADD PRIMARY KEY (`id`),
  ADD KEY `role_user_role_id_foreign` (`role_id`),
  ADD KEY `role_user_user_id_foreign` (`user_id`);

--
-- Indices de la tabla `users`
--
ALTER TABLE `users`
  ADD PRIMARY KEY (`id`),
  ADD UNIQUE KEY `users_email_unique` (`email`);

--
-- AUTO_INCREMENT de las tablas volcadas
--

--
-- AUTO_INCREMENT de la tabla `departments`
--
ALTER TABLE `departments`
  MODIFY `id` int(10) UNSIGNED NOT NULL AUTO_INCREMENT, AUTO_INCREMENT=33;

--
-- AUTO_INCREMENT de la tabla `migrations`
--
ALTER TABLE `migrations`
  MODIFY `id` int(10) UNSIGNED NOT NULL AUTO_INCREMENT, AUTO_INCREMENT=9;

--
-- AUTO_INCREMENT de la tabla `municipalities`
--
ALTER TABLE `municipalities`
  MODIFY `id` int(10) UNSIGNED NOT NULL AUTO_INCREMENT, AUTO_INCREMENT=1118;

--
-- AUTO_INCREMENT de la tabla `processes`
--
ALTER TABLE `processes`
  MODIFY `id` int(10) UNSIGNED NOT NULL AUTO_INCREMENT, AUTO_INCREMENT=12;

--
-- AUTO_INCREMENT de la tabla `process_step_approver`
--
ALTER TABLE `process_step_approver`
  MODIFY `id` int(10) UNSIGNED NOT NULL AUTO_INCREMENT, AUTO_INCREMENT=2;

--
-- AUTO_INCREMENT de la tabla `roles`
--
ALTER TABLE `roles`
  MODIFY `id` int(10) UNSIGNED NOT NULL AUTO_INCREMENT, AUTO_INCREMENT=4;

--
-- AUTO_INCREMENT de la tabla `role_user`
--
ALTER TABLE `role_user`
  MODIFY `id` int(10) UNSIGNED NOT NULL AUTO_INCREMENT, AUTO_INCREMENT=4;

--
-- AUTO_INCREMENT de la tabla `users`
--
ALTER TABLE `users`
  MODIFY `id` int(10) UNSIGNED NOT NULL AUTO_INCREMENT, AUTO_INCREMENT=4;

--
-- Restricciones para tablas volcadas
--

--
-- Filtros para la tabla `municipalities`
--
ALTER TABLE `municipalities`
  ADD CONSTRAINT `municipalities_dpt_id_foreign` FOREIGN KEY (`dpt_id`) REFERENCES `departments` (`id`);

--
-- Filtros para la tabla `processes`
--
ALTER TABLE `processes`
  ADD CONSTRAINT `processes_dpt_id_foreign` FOREIGN KEY (`dpt_id`) REFERENCES `departments` (`id`),
  ADD CONSTRAINT `processes_mcp_id_foreign` FOREIGN KEY (`mcp_id`) REFERENCES `municipalities` (`id`),
  ADD CONSTRAINT `processes_usr_id_foreign` FOREIGN KEY (`usr_id`) REFERENCES `users` (`id`);

--
-- Filtros para la tabla `process_step_approver`
--
ALTER TABLE `process_step_approver`
  ADD CONSTRAINT `process_step_approver_pcs_id_foreign` FOREIGN KEY (`pcs_id`) REFERENCES `processes` (`id`),
  ADD CONSTRAINT `process_step_approver_usr_id_foreign` FOREIGN KEY (`usr_id`) REFERENCES `users` (`id`);

--
-- Filtros para la tabla `role_user`
--
ALTER TABLE `role_user`
  ADD CONSTRAINT `role_user_role_id_foreign` FOREIGN KEY (`role_id`) REFERENCES `roles` (`id`),
  ADD CONSTRAINT `role_user_user_id_foreign` FOREIGN KEY (`user_id`) REFERENCES `users` (`id`);
COMMIT;

/*!40101 SET CHARACTER_SET_CLIENT=@OLD_CHARACTER_SET_CLIENT */;
/*!40101 SET CHARACTER_SET_RESULTS=@OLD_CHARACTER_SET_RESULTS */;
/*!40101 SET COLLATION_CONNECTION=@OLD_COLLATION_CONNECTION */;
